{
  "nodeLayouts": {
    "inputs": {
      "x": 71.5916748046875,
      "y": 50.77759552001953,
      "index": -1
    },
    "outputs": {
      "x": 65.740234375,
      "y": 1372,
      "index": -1
    },
    "index": {
      "x": 54.71356201171875,
      "y": 158.03438568115234,
      "index": 1
    },
    "generate_qa": {
      "x": 26.498626708984375,
      "y": 252.9114875793457,
      "index": 2
    },
    "querying": {
      "x": 24.68878173828125,
      "y": 357.3645782470703,
      "index": 3
    },
    "CreateFileDataAsset": {
      "x": 358.4000244140625,
      "y": 141.60000228881836,
      "index": -1
    },
    "createFileAsset": {
      "x": 65.740234375,
      "y": 1222,
      "index": 0
    }
  },
  "orientation": "Vertical"
}