{
  "nodeLayouts": {
    "inputs": {
      "x": 106.79168701171875,
      "y": 72.37760162353516,
      "index": -1
    },
    "outputs": {
      "x": 65.740234375,
      "y": 1222,
      "index": -1
    },
    "index": {
      "x": 26.71356201171875,
      "y": 157.23438262939453,
      "index": 0
    },
    "generate_qa": {
      "x": 26.498626708984375,
      "y": 252.9114875793457,
      "index": 1
    },
    "querying": {
      "x": 24.68878173828125,
      "y": 357.3645782470703,
      "index": 2
    }
  },
  "orientation": "Vertical"
}